{
    "loss": 0.3900783061981201,
    "accuracy": 0.9137930870056152
}