{
    "loss": 0.4107062816619873,
    "accuracy": 0.8448275923728943
}